Loja,Estado,Região,Valor vendido,Meta de Vendas
Loja 1,Piauí,Nordeste,6693.15,8200
Loja 2,Acre,Norte,6609.38,8200
Loja 3,Santa Catarina,Sul,8440.59,7000
Loja 4,Santa Catarina,Sul,9957.17,8000
Loja 5,Mato Grosso do Sul,Centro-Oeste,9587.4,7000
Loja 6,Acre,Norte,8291.21,8500
Loja 7,Bahia,Nordeste,7690.22,7000
Loja 8,Roraima,Norte,7405.37,7200
Loja 9,Bahia,Nordeste,8260.41,7000
Loja 10,Maranhão,Nordeste,7256.64,7800
Loja 11,Espírito Santo,Sudeste,7210.36,7000
Loja 12,Santa Catarina,Sul,7541.62,7800
Loja 13,Mato Grosso do Sul,Centro-Oeste,8770.36,7500
Loja 14,Paraíba,Nordeste,6574.82,7200
Loja 15,Sergipe,Nordeste,7544.26,7200
Loja 16,Bahia,Nordeste,7416.52,8500
Loja 17,Mato Grosso do Sul,Centro-Oeste,7064.17,7000
Loja 18,Maranhão,Nordeste,7449.42,7200
Loja 19,Maranhão,Nordeste,8212.89,7200
Loja 20,Amazonas,Norte,9060.45,7500
Loja 21,Pará,Norte,6552.84,7500
Loja 22,Bahia,Nordeste,7277.85,7000
Loja 23,Roraima,Norte,8854.07,7800
Loja 24,Alagoas,Nordeste,6949.23,7800
Loja 25,Sergipe,Nordeste,9680.18,7800
Loja 26,Amapá,Norte,8205.34,8500
Loja 27,Ceará,Nordeste,9219.21,7200
Loja 28,São Paulo,Sudeste,8109.34,7500
Loja 29,Rio Grande do Norte,Nordeste,6421.96,7500
Loja 30,Paraná,Sul,7453.99,7800
Loja 31,Acre,Norte,9948.2,8500
Loja 32,Rio Grande do Sul,Sul,8424.37,7500
Loja 33,Alagoas,Nordeste,9809.54,8500
Loja 34,Ceará,Nordeste,7130.1,8000
Loja 35,Goiás,Centro-Oeste,6118.92,7800
Loja 36,Amazonas,Norte,7899.53,7000
Loja 37,Goiás,Centro-Oeste,6084.55,7800
Loja 38,Amazonas,Norte,9868.13,8500
Loja 39,Maranhão,Nordeste,9705.07,8500
Loja 40,Roraima,Norte,6615.01,8000
Loja 41,Tocantins,Norte,9520.13,7800
Loja 42,Espírito Santo,Sudeste,8187.22,8200
Loja 43,Bahia,Nordeste,8493.24,8500
Loja 44,Santa Catarina,Sul,9646.91,8000
Loja 45,Tocantins,Norte,7687.5,7200
Loja 46,Mato Grosso do Sul,Centro-Oeste,7759.74,7500
Loja 47,Bahia,Nordeste,9296.46,8200
Loja 48,Pará,Norte,7305.24,7800
Loja 49,Paraíba,Nordeste,8117.14,7800
Loja 50,Paraná,Sul,9901.35,7500
Loja 51,Rio Grande do Sul,Sul,9407.08,7500
Loja 52,Piauí,Nordeste,9644.42,7000
Loja 53,Paraná,Sul,8884.29,7000
Loja 54,Santa Catarina,Sul,8483.13,8200
Loja 55,Pernambuco,Nordeste,9725.91,7500
Loja 56,Minas Gerais,Sudeste,7976.22,8000
Loja 57,Pará,Norte,9950.52,7200
Loja 58,Minas Gerais,Sudeste,9527.14,7800
Loja 59,Rio Grande do Sul,Sul,7497.19,7000
Loja 60,Tocantins,Norte,6506.5,7200
Loja 61,Rio Grande do Sul,Sul,9827.14,8500
Loja 62,Pernambuco,Nordeste,8480.1,8500
Loja 63,Rio Grande do Norte,Nordeste,9607.78,8500
Loja 64,Paraná,Sul,9713.81,7500
Loja 65,Paraíba,Nordeste,9378.96,7500
Loja 66,Maranhão,Nordeste,7055.95,7500
Loja 67,Rondônia,Norte,6501.44,7200
Loja 68,Pernambuco,Nordeste,6097.76,7800
Loja 69,Goiás,Centro-Oeste,9102.54,8000
Loja 70,São Paulo,Sudeste,8185.77,7000
Loja 71,Pará,Norte,6457.64,8000
Loja 72,Rio Grande do Sul,Sul,6542.73,8200
Loja 73,Bahia,Nordeste,7092.08,7800
Loja 74,Mato Grosso do Sul,Centro-Oeste,7573.89,7000
Loja 75,Roraima,Norte,7975.93,7200
Loja 76,Maranhão,Nordeste,7747.88,8200
Loja 77,Maranhão,Nordeste,9387.36,7800
Loja 78,Mato Grosso,Centro-Oeste,6502.21,7500
Loja 79,Amapá,Norte,6048.88,8000
Loja 80,Alagoas,Nordeste,7850.74,7500
Loja 81,Mato Grosso do Sul,Centro-Oeste,6488.22,7000
Loja 82,São Paulo,Sudeste,7969.67,7000
Loja 83,Bahia,Nordeste,7008.28,7000
Loja 84,Piauí,Nordeste,6373.86,8200
Loja 85,Bahia,Nordeste,6604.1,7200
Loja 86,Rio Grande do Sul,Sul,9595.0,7800
Loja 87,Maranhão,Nordeste,9000.09,8000
Loja 88,Amapá,Norte,6545.88,8500
Loja 89,Paraná,Sul,7891.53,7000
Loja 90,Amazonas,Norte,8772.44,7200
Loja 91,Rondônia,Norte,7094.56,7000
Loja 92,Maranhão,Nordeste,7906.5,7800
Loja 93,Rio Grande do Norte,Nordeste,9899.67,8500
Loja 94,Rio Grande do Norte,Nordeste,6438.68,7500
Loja 95,Mato Grosso do Sul,Centro-Oeste,8046.32,7000
Loja 96,Tocantins,Norte,9903.83,7200
Loja 97,Tocantins,Norte,8997.46,7500
Loja 98,Minas Gerais,Sudeste,7691.63,7500
Loja 99,Goiás,Centro-Oeste,9961.88,7800
Loja 100,Maranhão,Nordeste,6155.5,7200
Loja 101,Ceará,Nordeste,8998.6,7200
Loja 102,Rondônia,Norte,9817.9,8000
Loja 103,Alagoas,Nordeste,6663.04,7000
Loja 104,Amazonas,Norte,9065.66,8500
Loja 105,Amazonas,Norte,8545.31,8200
Loja 106,Santa Catarina,Sul,8117.05,8000
Loja 107,Minas Gerais,Sudeste,7666.89,8000
Loja 108,Sergipe,Nordeste,9609.48,8000
Loja 109,Espírito Santo,Sudeste,8497.28,7000
Loja 110,Rondônia,Norte,9637.11,8500
Loja 111,Mato Grosso,Centro-Oeste,8989.58,7000
Loja 112,Bahia,Nordeste,9811.88,7500
Loja 113,Piauí,Nordeste,6715.44,7500
Loja 114,Alagoas,Nordeste,6136.45,8500
Loja 115,Amazonas,Norte,7519.08,7800
Loja 116,Amazonas,Norte,6204.81,8000
Loja 117,Tocantins,Norte,6778.65,8000
Loja 118,Piauí,Nordeste,9303.35,7800
Loja 119,Bahia,Nordeste,8131.85,7200
Loja 120,Rondônia,Norte,7728.05,7500
Loja 121,Mato Grosso do Sul,Centro-Oeste,9953.63,8500
Loja 122,Bahia,Nordeste,9807.66,7200
Loja 123,São Paulo,Sudeste,6904.08,7000
Loja 124,Paraná,Sul,6896.44,8200
Loja 125,Rio de Janeiro,Sudeste,6102.58,7800
Loja 126,Mato Grosso do Sul,Centro-Oeste,7883.53,7800
Loja 127,Minas Gerais,Sudeste,6032.94,8200
Loja 128,Paraíba,Nordeste,6972.16,7200
Loja 129,Santa Catarina,Sul,9374.37,7000
Loja 130,Mato Grosso do Sul,Centro-Oeste,7296.51,8000
Loja 131,Mato Grosso do Sul,Centro-Oeste,9038.37,7200
Loja 132,Rio Grande do Sul,Sul,6743.33,7800
Loja 133,Mato Grosso,Centro-Oeste,7223.35,7200
Loja 134,Pernambuco,Nordeste,6324.52,7800
Loja 135,Amazonas,Norte,7980.98,7500
Loja 136,Mato Grosso,Centro-Oeste,8651.07,7200
Loja 137,Piauí,Nordeste,9717.19,7500
Loja 138,Roraima,Norte,8554.42,8500
Loja 139,Acre,Norte,7327.48,7500
Loja 140,Maranhão,Nordeste,6850.13,7800
Loja 141,Mato Grosso,Centro-Oeste,6273.65,8500
Loja 142,Espírito Santo,Sudeste,8497.64,7800
Loja 143,Acre,Norte,8886.35,7000
Loja 144,Sergipe,Nordeste,6800.44,7200
Loja 145,Rio Grande do Sul,Sul,6731.99,7200
Loja 146,Rio Grande do Sul,Sul,9009.31,7000
Loja 147,Bahia,Nordeste,9330.07,8500
Loja 148,Amazonas,Norte,9928.91,7800
Loja 149,Rio de Janeiro,Sudeste,9889.37,8500
Loja 150,Mato Grosso do Sul,Centro-Oeste,6536.49,7800
Loja 151,Minas Gerais,Sudeste,6236.18,8500
Loja 152,Minas Gerais,Sudeste,7796.02,8500
Loja 153,Pará,Norte,9019.02,8000
Loja 154,Rio Grande do Norte,Nordeste,8354.31,7000
Loja 155,Goiás,Centro-Oeste,8934.97,7000
Loja 156,Amapá,Norte,6925.16,7200
Loja 157,Piauí,Nordeste,7238.45,7000
Loja 158,Rio de Janeiro,Sudeste,9862.26,7000
Loja 159,Mato Grosso,Centro-Oeste,6520.98,8500
Loja 160,Rondônia,Norte,9056.57,8200
Loja 161,Tocantins,Norte,6677.63,7000
Loja 162,Maranhão,Nordeste,7519.38,8500
Loja 163,Paraná,Sul,7571.39,8200
Loja 164,Goiás,Centro-Oeste,6101.35,7800
Loja 165,Paraná,Sul,6130.84,8200
Loja 166,Santa Catarina,Sul,7398.11,7500
Loja 167,Espírito Santo,Sudeste,6633.32,8200
Loja 168,Piauí,Nordeste,9373.59,8500
Loja 169,Minas Gerais,Sudeste,6693.47,7200
Loja 170,Rio Grande do Sul,Sul,6696.06,7000
Loja 171,Bahia,Nordeste,7927.05,8500
Loja 172,Alagoas,Nordeste,9513.42,8200
Loja 173,Sergipe,Nordeste,8379.27,7500
Loja 174,Ceará,Nordeste,6448.84,7200
Loja 175,Minas Gerais,Sudeste,6748.92,8000
Loja 176,Amapá,Norte,9694.85,7500
Loja 177,Ceará,Nordeste,9175.61,8200
Loja 178,Paraná,Sul,7584.89,7200
Loja 179,Paraná,Sul,8227.21,7000
Loja 180,São Paulo,Sudeste,9287.4,8000
Loja 181,Mato Grosso,Centro-Oeste,9729.86,7200
Loja 182,Rio de Janeiro,Sudeste,9157.86,8000
Loja 183,Rondônia,Norte,9739.36,8000
Loja 184,Amapá,Norte,6901.98,7500
Loja 185,Bahia,Nordeste,9645.21,7000
Loja 186,Minas Gerais,Sudeste,6736.67,7200
Loja 187,Paraíba,Nordeste,6985.31,8000
Loja 188,Paraná,Sul,6815.27,8500
Loja 189,Sergipe,Nordeste,6278.67,8500
Loja 190,Bahia,Nordeste,6324.86,8500
Loja 191,Amapá,Norte,8767.41,7000
Loja 192,Rio Grande do Norte,Nordeste,9961.56,7200
Loja 193,Rondônia,Norte,6969.35,8200
Loja 194,Paraná,Sul,9244.36,7500
Loja 195,Amazonas,Norte,8390.87,7500
Loja 196,Bahia,Nordeste,7262.85,8000
Loja 197,Santa Catarina,Sul,6167.67,8500
Loja 198,Espírito Santo,Sudeste,6757.57,8000
Loja 199,Roraima,Norte,7591.56,8000
Loja 200,Alagoas,Nordeste,6740.22,8200
Loja 201,Piauí,Nordeste,9535.22,7000
Loja 202,Mato Grosso,Centro-Oeste,6600.24,8000
Loja 203,Tocantins,Norte,9809.11,7200
Loja 204,Ceará,Nordeste,9912.02,8000
Loja 205,Rondônia,Norte,6576.09,8200
Loja 206,Minas Gerais,Sudeste,8915.4,8000
Loja 207,Mato Grosso do Sul,Centro-Oeste,6290.46,7000
Loja 208,São Paulo,Sudeste,6792.33,8200
Loja 209,Rio Grande do Norte,Nordeste,7839.72,7200
Loja 210,Maranhão,Nordeste,6013.21,8500
Loja 211,Mato Grosso,Centro-Oeste,7673.67,7800
Loja 212,Bahia,Nordeste,6659.49,7800
Loja 213,São Paulo,Sudeste,9945.92,8200
Loja 214,Rio de Janeiro,Sudeste,8682.97,8000
Loja 215,Minas Gerais,Sudeste,7094.02,8500
Loja 216,Rio Grande do Sul,Sul,6207.4,8000
Loja 217,Acre,Norte,8252.38,7000
Loja 218,Paraíba,Nordeste,9984.88,8200
Loja 219,São Paulo,Sudeste,7388.73,7800
Loja 220,Rondônia,Norte,8554.21,8500
Loja 221,São Paulo,Sudeste,8791.48,8200
Loja 222,Santa Catarina,Sul,7757.46,7800
Loja 223,São Paulo,Sudeste,7568.29,7800
Loja 224,Pará,Norte,9096.09,7800
Loja 225,Paraná,Sul,7538.77,8000
Loja 226,Bahia,Nordeste,7132.74,8200
Loja 227,Acre,Norte,6477.33,7500
Loja 228,Bahia,Nordeste,9699.12,7500
Loja 229,Rio Grande do Sul,Sul,6657.6,7200
Loja 230,Pernambuco,Nordeste,9523.32,7800
Loja 231,Acre,Norte,6387.82,8000
Loja 232,Acre,Norte,7696.62,7000
Loja 233,Minas Gerais,Sudeste,6185.71,8500
Loja 234,São Paulo,Sudeste,8256.29,8000
Loja 235,Goiás,Centro-Oeste,9413.05,8500
Loja 236,Bahia,Nordeste,9237.64,8000
Loja 237,Goiás,Centro-Oeste,8849.91,7200
Loja 238,Goiás,Centro-Oeste,8314.25,7000
Loja 239,Rio Grande do Sul,Sul,9738.9,8200
Loja 240,Ceará,Nordeste,6447.35,8200
Loja 241,Alagoas,Nordeste,7825.27,7000
Loja 242,Mato Grosso do Sul,Centro-Oeste,9382.93,8200
Loja 243,Santa Catarina,Sul,8148.54,7200
Loja 244,São Paulo,Sudeste,7715.96,7500
Loja 245,Rio de Janeiro,Sudeste,7596.95,7000
Loja 246,Piauí,Nordeste,9550.13,8000
Loja 247,Santa Catarina,Sul,8264.58,7800
Loja 248,Acre,Norte,7395.79,7000
Loja 249,Piauí,Nordeste,8020.03,8500
Loja 250,São Paulo,Sudeste,9508.15,7200
Loja 251,Sergipe,Nordeste,7944.88,8500
Loja 252,Acre,Norte,9083.86,7800
Loja 253,Espírito Santo,Sudeste,6651.27,7200
Loja 254,Paraná,Sul,7196.41,7500
Loja 255,Rio Grande do Sul,Sul,6748.74,7500
Loja 256,Paraíba,Nordeste,8206.05,7200
Loja 257,Goiás,Centro-Oeste,8528.47,8500
Loja 258,Rio Grande do Sul,Sul,6385.41,8500
Loja 259,Amazonas,Norte,8149.4,7800
Loja 260,Rio Grande do Sul,Sul,9420.56,8200
Loja 261,Goiás,Centro-Oeste,9872.65,8000
Loja 262,Mato Grosso,Centro-Oeste,6176.44,8500
Loja 263,Piauí,Nordeste,8558.36,7800
Loja 264,São Paulo,Sudeste,9522.85,7000
Loja 265,Espírito Santo,Sudeste,7136.37,8200
Loja 266,Maranhão,Nordeste,7323.4,7800
Loja 267,Sergipe,Nordeste,8723.37,7200
Loja 268,Rondônia,Norte,8039.71,7800
Loja 269,Amazonas,Norte,9666.23,7000
Loja 270,Mato Grosso,Centro-Oeste,6358.75,7800
Loja 271,Rondônia,Norte,9830.72,8500
Loja 272,Amazonas,Norte,6598.93,7000
Loja 273,Amazonas,Norte,7018.42,7500
Loja 274,Acre,Norte,8403.51,7200
Loja 275,Acre,Norte,9890.14,7200
Loja 276,Maranhão,Nordeste,6573.17,7500
Loja 277,Bahia,Nordeste,8026.16,7000
Loja 278,Amapá,Norte,9671.73,7500
Loja 279,Ceará,Nordeste,7569.51,8000
Loja 280,Acre,Norte,9180.78,8200
Loja 281,Mato Grosso,Centro-Oeste,7341.32,7500
Loja 282,Piauí,Nordeste,6638.75,7800
Loja 283,Roraima,Norte,6623.37,7500
Loja 284,Pernambuco,Nordeste,6629.79,7200
Loja 285,Mato Grosso,Centro-Oeste,8901.3,7200
Loja 286,Tocantins,Norte,7666.96,8200
Loja 287,Maranhão,Nordeste,7248.43,8000
Loja 288,Paraíba,Nordeste,6769.89,7800
Loja 289,Alagoas,Nordeste,7039.0,7000
Loja 290,Acre,Norte,7842.33,8000
Loja 291,Sergipe,Nordeste,9558.0,8200
Loja 292,Maranhão,Nordeste,6210.75,7800
Loja 293,Rio Grande do Norte,Nordeste,8586.66,7500
Loja 294,Espírito Santo,Sudeste,7192.35,7800
Loja 295,Acre,Norte,8218.87,8200
Loja 296,Rio Grande do Sul,Sul,7588.25,7200
Loja 297,Amazonas,Norte,7932.86,7800
Loja 298,Tocantins,Norte,8116.33,7000
Loja 299,Goiás,Centro-Oeste,8997.21,8200
Loja 300,Maranhão,Nordeste,6505.5,7500
Loja 301,Piauí,Nordeste,8790.74,7200
Loja 302,Rio Grande do Sul,Sul,8803.24,8200
Loja 303,Roraima,Norte,8701.32,7000
Loja 304,Espírito Santo,Sudeste,9471.77,8500
Loja 305,Pará,Norte,8554.55,7200
Loja 306,Paraíba,Nordeste,9987.67,7500
Loja 307,Mato Grosso do Sul,Centro-Oeste,6608.35,8000
Loja 308,Rio de Janeiro,Sudeste,9655.62,7800
Loja 309,Mato Grosso do Sul,Centro-Oeste,7100.84,7800
Loja 310,Sergipe,Nordeste,8475.23,7000
Loja 311,Pará,Norte,9622.85,8200
Loja 312,Santa Catarina,Sul,9935.45,7800
Loja 313,Minas Gerais,Sudeste,8012.04,7000
Loja 314,Alagoas,Nordeste,6889.27,7500
Loja 315,Sergipe,Nordeste,8149.2,7200
Loja 316,Santa Catarina,Sul,9175.15,7200
Loja 317,Alagoas,Nordeste,6076.83,8500
Loja 318,Acre,Norte,7893.81,7000
Loja 319,Paraíba,Nordeste,7426.83,7200
Loja 320,Ceará,Nordeste,9369.65,8200
Loja 321,Piauí,Nordeste,7289.48,7200
Loja 322,Espírito Santo,Sudeste,6852.57,7000
Loja 323,Maranhão,Nordeste,6610.11,7500
Loja 324,São Paulo,Sudeste,6996.97,7500
Loja 325,Rio Grande do Sul,Sul,8214.42,8000
Loja 326,Minas Gerais,Sudeste,6573.88,8000
Loja 327,Mato Grosso do Sul,Centro-Oeste,6516.46,7800
Loja 328,Goiás,Centro-Oeste,6441.56,8000
Loja 329,Pará,Norte,7436.53,8500
Loja 330,Ceará,Nordeste,9677.41,7000
Loja 331,Rio de Janeiro,Sudeste,9172.21,7200
Loja 332,Roraima,Norte,7854.35,7500
Loja 333,Pernambuco,Nordeste,6081.08,7800
Loja 334,Acre,Norte,8500.24,7200
Loja 335,Mato Grosso do Sul,Centro-Oeste,9306.92,7000
Loja 336,Sergipe,Nordeste,8485.34,8500
Loja 337,Maranhão,Nordeste,7707.38,7800
Loja 338,Paraíba,Nordeste,9315.3,7800
Loja 339,Rio de Janeiro,Sudeste,6175.13,7800
Loja 340,Santa Catarina,Sul,6956.19,7200
Loja 341,Rio Grande do Norte,Nordeste,8962.73,8000
Loja 342,Ceará,Nordeste,8002.04,8500
Loja 343,São Paulo,Sudeste,8020.71,8000
Loja 344,Bahia,Nordeste,7468.18,7200
Loja 345,Rio Grande do Norte,Nordeste,8135.01,7500
Loja 346,Rio Grande do Sul,Sul,8180.5,7000
Loja 347,Mato Grosso do Sul,Centro-Oeste,9109.05,8200
Loja 348,Maranhão,Nordeste,7371.62,8200
Loja 349,Ceará,Nordeste,9548.99,7200
Loja 350,Paraná,Sul,9946.31,8500
Loja 351,Espírito Santo,Sudeste,9366.39,7000
Loja 352,Piauí,Nordeste,7379.97,7500
Loja 353,Espírito Santo,Sudeste,9401.6,7200
Loja 354,Amapá,Norte,6561.99,7200
Loja 355,Tocantins,Norte,7096.38,8000
Loja 356,Alagoas,Nordeste,6131.91,8200
Loja 357,Rondônia,Norte,7092.17,8000
Loja 358,Rondônia,Norte,9158.07,8500
Loja 359,Bahia,Nordeste,7737.28,7800
Loja 360,Espírito Santo,Sudeste,7782.37,7000
Loja 361,Rio Grande do Sul,Sul,6494.31,7200
Loja 362,Ceará,Nordeste,9940.84,8000
Loja 363,São Paulo,Sudeste,6683.15,7500
Loja 364,Mato Grosso do Sul,Centro-Oeste,8392.96,7200
Loja 365,Ceará,Nordeste,6356.72,7200
Loja 366,Rondônia,Norte,8632.3,8500
Loja 367,Tocantins,Norte,7595.88,8500
Loja 368,Pernambuco,Nordeste,8481.69,7800
Loja 369,Paraíba,Nordeste,9234.39,7800
Loja 370,São Paulo,Sudeste,7020.89,7200
Loja 371,Piauí,Nordeste,7850.36,7000
Loja 372,Sergipe,Nordeste,7308.92,8200
Loja 373,Mato Grosso,Centro-Oeste,9411.82,8200
Loja 374,Pernambuco,Nordeste,8703.38,7200
Loja 375,Mato Grosso,Centro-Oeste,9503.48,8500
Loja 376,Roraima,Norte,9466.32,7500
Loja 377,Ceará,Nordeste,8962.66,7200
Loja 378,Mato Grosso do Sul,Centro-Oeste,9767.67,7000
Loja 379,Amazonas,Norte,9301.46,7000
Loja 380,Acre,Norte,8251.51,8200
Loja 381,Mato Grosso do Sul,Centro-Oeste,9209.89,7500
Loja 382,Piauí,Nordeste,8544.42,8200
Loja 383,Amapá,Norte,9645.5,7200
Loja 384,Rio Grande do Norte,Nordeste,9628.58,8200
Loja 385,Sergipe,Nordeste,9211.57,8200
Loja 386,Paraíba,Nordeste,9267.66,7200
Loja 387,Amazonas,Norte,8278.68,7500
Loja 388,São Paulo,Sudeste,9080.42,7200
Loja 389,Roraima,Norte,8606.39,7800
Loja 390,São Paulo,Sudeste,8051.9,7200
Loja 391,Ceará,Nordeste,7041.12,7500
Loja 392,Paraíba,Nordeste,7296.6,7200
Loja 393,Ceará,Nordeste,9237.8,7800
Loja 394,Rio de Janeiro,Sudeste,9665.36,8200
Loja 395,Rio Grande do Norte,Nordeste,6571.99,7000
Loja 396,Mato Grosso,Centro-Oeste,7724.88,8500
Loja 397,Pará,Norte,6530.51,7200
Loja 398,Piauí,Nordeste,7825.32,7000
Loja 399,Santa Catarina,Sul,7026.75,8000
Loja 400,Rio Grande do Norte,Nordeste,6612.97,7000
Loja 401,Espírito Santo,Sudeste,6118.57,8200
Loja 402,Espírito Santo,Sudeste,7875.11,8000
Loja 403,Bahia,Nordeste,7533.3,7500
Loja 404,Mato Grosso,Centro-Oeste,9609.94,8200
Loja 405,Rio de Janeiro,Sudeste,9850.8,7500
Loja 406,Maranhão,Nordeste,9769.0,7800
Loja 407,Rio de Janeiro,Sudeste,7446.12,7800
Loja 408,Acre,Norte,7455.8,7500
Loja 409,São Paulo,Sudeste,8476.5,7200
Loja 410,Tocantins,Norte,8829.86,8500
Loja 411,Goiás,Centro-Oeste,6821.86,7500
Loja 412,Tocantins,Norte,8372.15,7800
Loja 413,Pará,Norte,6032.85,8200
Loja 414,Paraíba,Nordeste,9645.45,7800
Loja 415,Rio Grande do Sul,Sul,7060.84,8000
Loja 416,Tocantins,Norte,9556.89,8200
Loja 417,Paraná,Sul,6040.34,7500
Loja 418,Sergipe,Nordeste,6539.42,7200
Loja 419,Amapá,Norte,7522.19,7500
Loja 420,Bahia,Nordeste,6264.7,8500
Loja 421,Santa Catarina,Sul,7995.88,7200
Loja 422,Amazonas,Norte,9571.92,8500
Loja 423,Ceará,Nordeste,6528.05,7500
Loja 424,Sergipe,Nordeste,8314.36,7800
Loja 425,Mato Grosso do Sul,Centro-Oeste,6855.45,7800
Loja 426,Goiás,Centro-Oeste,8254.7,7800
Loja 427,Amazonas,Norte,8588.76,7200
Loja 428,Roraima,Norte,8088.82,8200
Loja 429,Rio de Janeiro,Sudeste,7986.55,7500
Loja 430,Roraima,Norte,8690.39,7200
Loja 431,Rio de Janeiro,Sudeste,9111.73,8000
Loja 432,Rio de Janeiro,Sudeste,9624.8,7500
Loja 433,Espírito Santo,Sudeste,9341.74,7500
Loja 434,Espírito Santo,Sudeste,6657.78,8200
Loja 435,Ceará,Nordeste,9243.89,8200
Loja 436,Alagoas,Nordeste,8385.06,8200
Loja 437,Bahia,Nordeste,6028.18,8500
Loja 438,Tocantins,Norte,8585.2,7200
Loja 439,Espírito Santo,Sudeste,6667.05,7200
Loja 440,Alagoas,Nordeste,6045.91,8500
Loja 441,Pará,Norte,9342.33,8500
Loja 442,Sergipe,Nordeste,6104.99,7500
Loja 443,Sergipe,Nordeste,9593.43,7000
Loja 444,Paraná,Sul,9144.35,7800
Loja 445,Roraima,Norte,6412.05,8500
Loja 446,Amazonas,Norte,8375.7,7500
Loja 447,Sergipe,Nordeste,8005.5,7000
Loja 448,Pará,Norte,8078.51,7200
Loja 449,Bahia,Nordeste,8954.74,7000
Loja 450,Mato Grosso,Centro-Oeste,6472.76,8200
Loja 451,Roraima,Norte,9096.77,7800
Loja 452,Paraíba,Nordeste,7083.31,7800
Loja 453,Maranhão,Nordeste,9932.71,7000
Loja 454,Paraíba,Nordeste,6833.91,7800
Loja 455,Bahia,Nordeste,6623.07,8500
Loja 456,Pará,Norte,6493.91,7000
Loja 457,Pernambuco,Nordeste,7828.82,7500
Loja 458,Minas Gerais,Sudeste,9061.03,8200
Loja 459,Acre,Norte,9353.32,8000
Loja 460,Rio de Janeiro,Sudeste,8459.41,7200
Loja 461,Minas Gerais,Sudeste,6517.5,8500
Loja 462,Rio de Janeiro,Sudeste,9986.86,8200
Loja 463,Rio Grande do Sul,Sul,9442.04,8500
Loja 464,Ceará,Nordeste,8007.37,7500
Loja 465,Tocantins,Norte,8394.62,7200
Loja 466,Amapá,Norte,9871.43,7200
Loja 467,Pará,Norte,8112.38,7000
Loja 468,Santa Catarina,Sul,8406.08,7800
Loja 469,Rondônia,Norte,6200.66,7500
Loja 470,Goiás,Centro-Oeste,8089.68,7200
Loja 471,Rondônia,Norte,6372.98,7000
Loja 472,Rio Grande do Norte,Nordeste,6792.98,8200
Loja 473,São Paulo,Sudeste,9665.47,7500
Loja 474,Rondônia,Norte,6299.35,8000
Loja 475,Rondônia,Norte,9301.27,7500
Loja 476,Paraíba,Nordeste,9269.26,8000
Loja 477,Amazonas,Norte,7645.58,7500
Loja 478,Amazonas,Norte,8487.78,7500
Loja 479,Goiás,Centro-Oeste,8762.46,8500
Loja 480,Pará,Norte,7560.82,7000
Loja 481,Alagoas,Nordeste,6428.82,8000
Loja 482,Rio de Janeiro,Sudeste,7969.54,7000
Loja 483,Sergipe,Nordeste,8299.13,8000
Loja 484,Mato Grosso do Sul,Centro-Oeste,8325.71,7000
Loja 485,Piauí,Nordeste,8340.84,7500
Loja 486,Paraná,Sul,7660.83,7500
Loja 487,Bahia,Nordeste,8591.55,8500
Loja 488,Amapá,Norte,6308.64,7800
Loja 489,Pernambuco,Nordeste,6441.64,8000
Loja 490,Roraima,Norte,7706.54,7000
Loja 491,Paraíba,Nordeste,8128.83,8500
Loja 492,São Paulo,Sudeste,9074.01,7800
Loja 493,Paraná,Sul,9250.33,7000
Loja 494,Ceará,Nordeste,7338.88,8200
Loja 495,Roraima,Norte,8648.56,8000
Loja 496,Espírito Santo,Sudeste,6421.77,8500
Loja 497,Alagoas,Nordeste,8563.51,8200
Loja 498,Rio de Janeiro,Sudeste,6509.43,7500
Loja 499,Rio de Janeiro,Sudeste,7341.26,8200
Loja 500,Mato Grosso do Sul,Centro-Oeste,7597.47,7000
Loja 501,Espírito Santo,Sudeste,7984.02,8500
Loja 502,Paraná,Sul,7151.03,7000
Loja 503,Rio Grande do Norte,Nordeste,6029.06,7800
Loja 504,Acre,Norte,7522.25,7800
Loja 505,Mato Grosso,Centro-Oeste,6338.78,7800
Loja 506,Pará,Norte,6123.04,7000
Loja 507,Alagoas,Nordeste,6742.78,7500
Loja 508,Mato Grosso,Centro-Oeste,9971.43,7000
Loja 509,Rio de Janeiro,Sudeste,8998.24,7200
Loja 510,Maranhão,Nordeste,8676.2,8000
Loja 511,Minas Gerais,Sudeste,7642.36,7800
Loja 512,Paraíba,Nordeste,8459.18,7500
Loja 513,Mato Grosso do Sul,Centro-Oeste,6347.02,7000
Loja 514,Mato Grosso,Centro-Oeste,9120.09,8000
Loja 515,Goiás,Centro-Oeste,6126.9,7800
Loja 516,Tocantins,Norte,7597.3,8000
Loja 517,São Paulo,Sudeste,9798.17,7000
Loja 518,Ceará,Nordeste,7670.48,7200
Loja 519,Piauí,Nordeste,9040.19,7000
Loja 520,Rio de Janeiro,Sudeste,7679.66,8000
Loja 521,Tocantins,Norte,7084.21,7000
Loja 522,Santa Catarina,Sul,8631.31,7000
Loja 523,Amazonas,Norte,6659.22,8200
Loja 524,Rio Grande do Norte,Nordeste,6698.05,8500
Loja 525,Sergipe,Nordeste,7851.27,7500
Loja 526,Ceará,Nordeste,8069.9,7500
Loja 527,Mato Grosso,Centro-Oeste,6293.67,7200
Loja 528,Maranhão,Nordeste,7551.28,7800
Loja 529,Maranhão,Nordeste,7234.75,7200
Loja 530,Pernambuco,Nordeste,6213.55,8500
Loja 531,Piauí,Nordeste,8898.83,7200
Loja 532,Pará,Norte,6393.56,8500
Loja 533,Pará,Norte,7358.19,7500
Loja 534,Maranhão,Nordeste,9472.08,8000
Loja 535,Ceará,Nordeste,8312.11,7800
Loja 536,Rio Grande do Norte,Nordeste,8411.05,7200
Loja 537,Rio Grande do Norte,Nordeste,6421.63,8500
Loja 538,Mato Grosso do Sul,Centro-Oeste,6495.78,8200
Loja 539,São Paulo,Sudeste,7557.57,7200
Loja 540,Amazonas,Norte,8468.0,7000
Loja 541,Rio Grande do Norte,Nordeste,9758.8,8500
Loja 542,São Paulo,Sudeste,7823.34,7500
Loja 543,Mato Grosso do Sul,Centro-Oeste,8454.81,7200
Loja 544,Espírito Santo,Sudeste,6499.49,8000
Loja 545,Amazonas,Norte,7615.95,8000
Loja 546,Rio Grande do Norte,Nordeste,9447.38,8200
Loja 547,Alagoas,Nordeste,7628.35,7500
Loja 548,Roraima,Norte,6549.23,8200
Loja 549,Rio de Janeiro,Sudeste,7978.83,7000
Loja 550,Amapá,Norte,7623.74,8200
Loja 551,Bahia,Nordeste,9593.0,8000
Loja 552,Rio Grande do Sul,Sul,6733.93,7000
Loja 553,Amazonas,Norte,9292.39,7200
Loja 554,Minas Gerais,Sudeste,7580.65,8200
Loja 555,Acre,Norte,6048.96,8500
Loja 556,Mato Grosso do Sul,Centro-Oeste,9226.13,7000
Loja 557,Paraná,Sul,6027.01,8200
Loja 558,Rio Grande do Norte,Nordeste,8822.92,8000
Loja 559,Mato Grosso,Centro-Oeste,9726.89,7500
Loja 560,Rio Grande do Sul,Sul,6015.21,8000
Loja 561,Piauí,Nordeste,7422.0,7200
Loja 562,Goiás,Centro-Oeste,7866.46,7000
Loja 563,Paraná,Sul,8679.8,8500
Loja 564,Sergipe,Nordeste,8519.33,8000
Loja 565,Piauí,Nordeste,6291.92,7200
Loja 566,Tocantins,Norte,6614.71,8200
Loja 567,Paraná,Sul,7538.77,8200
Loja 568,Minas Gerais,Sudeste,6859.01,8000
Loja 569,Maranhão,Nordeste,8540.54,8000
Loja 570,Minas Gerais,Sudeste,8942.57,8200
Loja 571,Mato Grosso do Sul,Centro-Oeste,8497.21,8500
Loja 572,Pará,Norte,6331.63,7500
Loja 573,Alagoas,Nordeste,8620.31,7000
Loja 574,Maranhão,Nordeste,8232.31,8200
Loja 575,Paraíba,Nordeste,8533.2,8500
Loja 576,Mato Grosso,Centro-Oeste,6769.14,7200
Loja 577,Roraima,Norte,7190.59,7500
Loja 578,Rio Grande do Norte,Nordeste,7040.65,8200
Loja 579,São Paulo,Sudeste,9410.29,7000
Loja 580,Espírito Santo,Sudeste,8902.69,8500
Loja 581,São Paulo,Sudeste,6592.43,7200
Loja 582,Amazonas,Norte,7274.33,7200
Loja 583,Amazonas,Norte,8026.64,7500
Loja 584,Goiás,Centro-Oeste,8353.58,8200
Loja 585,Piauí,Nordeste,8389.93,7200
Loja 586,Roraima,Norte,6723.46,7200
Loja 587,Piauí,Nordeste,7614.25,7200
Loja 588,Pará,Norte,8264.06,7800
Loja 589,Paraná,Sul,9265.87,8500
Loja 590,Minas Gerais,Sudeste,6047.41,7000
Loja 591,Paraíba,Nordeste,9640.79,8200
Loja 592,Alagoas,Nordeste,7595.27,7800
Loja 593,Roraima,Norte,8263.3,7200
Loja 594,Rio Grande do Sul,Sul,9866.7,7000
Loja 595,Pará,Norte,7033.09,8500
Loja 596,Mato Grosso do Sul,Centro-Oeste,9588.59,8200
Loja 597,São Paulo,Sudeste,6280.49,8200
Loja 598,Sergipe,Nordeste,9977.07,8000
Loja 599,Paraíba,Nordeste,6087.85,8500
Loja 600,Maranhão,Nordeste,8121.11,7800
Loja 601,Bahia,Nordeste,7369.55,8000
Loja 602,Minas Gerais,Sudeste,9779.6,8500
Loja 603,Rio Grande do Norte,Nordeste,8924.73,8500
Loja 604,Rio Grande do Sul,Sul,6786.93,7200
Loja 605,Piauí,Nordeste,7261.57,7200
Loja 606,Acre,Norte,8273.34,7000
Loja 607,Bahia,Nordeste,8741.93,7800
Loja 608,Bahia,Nordeste,8932.16,7800
Loja 609,Pernambuco,Nordeste,9031.92,7000
Loja 610,Goiás,Centro-Oeste,9224.04,7200
Loja 611,Ceará,Nordeste,8083.82,8500
Loja 612,Rondônia,Norte,8967.23,7000
Loja 613,Rio Grande do Norte,Nordeste,7033.78,8500
Loja 614,Pernambuco,Nordeste,8319.03,8200
Loja 615,Maranhão,Nordeste,9734.87,7500
Loja 616,Maranhão,Nordeste,9557.89,7500
Loja 617,Tocantins,Norte,8845.03,8000
Loja 618,Amazonas,Norte,9596.63,7000
Loja 619,Santa Catarina,Sul,6512.57,7000
Loja 620,Rio de Janeiro,Sudeste,9276.44,7200
Loja 621,Rio Grande do Norte,Nordeste,7561.23,8200
Loja 622,Bahia,Nordeste,7563.35,7800
Loja 623,Tocantins,Norte,8362.66,8200
Loja 624,Tocantins,Norte,6206.67,8000
Loja 625,Amazonas,Norte,8836.89,7500
Loja 626,Amapá,Norte,7368.44,7200
Loja 627,Pernambuco,Nordeste,8950.78,8500
Loja 628,Tocantins,Norte,8316.58,7500
Loja 629,Pará,Norte,9028.35,8200
Loja 630,Acre,Norte,7635.61,8500
Loja 631,Pará,Norte,9163.28,8500
Loja 632,Alagoas,Nordeste,8387.66,7500
Loja 633,Pará,Norte,7926.6,8200
Loja 634,Bahia,Nordeste,8313.7,8000
Loja 635,Rio Grande do Sul,Sul,8145.69,7200
Loja 636,Amapá,Norte,9191.8,7500
Loja 637,Maranhão,Nordeste,9231.83,7800
Loja 638,Bahia,Nordeste,9971.71,7000
Loja 639,Mato Grosso do Sul,Centro-Oeste,7115.11,7500
Loja 640,Piauí,Nordeste,7089.02,7200
Loja 641,Amazonas,Norte,6389.4,7000
Loja 642,Piauí,Nordeste,7752.7,7800
Loja 643,Piauí,Nordeste,8500.04,8200
Loja 644,Rio Grande do Sul,Sul,8373.97,7200
Loja 645,Tocantins,Norte,9720.06,8000
Loja 646,Piauí,Nordeste,6648.83,7500
Loja 647,Roraima,Norte,7788.0,8500
Loja 648,Goiás,Centro-Oeste,6733.13,7800
Loja 649,São Paulo,Sudeste,6941.87,7500
Loja 650,Maranhão,Nordeste,8039.5,8200
Loja 651,Rio Grande do Norte,Nordeste,6244.44,7000
Loja 652,Maranhão,Nordeste,6875.44,8200
Loja 653,Ceará,Nordeste,7588.54,8000
Loja 654,Pernambuco,Nordeste,8166.16,7200
Loja 655,Santa Catarina,Sul,8105.92,7800
Loja 656,Goiás,Centro-Oeste,9739.61,7800
Loja 657,Ceará,Nordeste,6312.14,8200
Loja 658,Roraima,Norte,6393.82,7000
Loja 659,Ceará,Nordeste,6466.18,8000
Loja 660,Mato Grosso,Centro-Oeste,8003.85,7800
Loja 661,Goiás,Centro-Oeste,8199.69,8000
Loja 662,Acre,Norte,7753.7,7800
Loja 663,Alagoas,Nordeste,6822.36,8500
Loja 664,Piauí,Nordeste,7180.39,7800
Loja 665,Piauí,Nordeste,6339.64,7800
Loja 666,Paraná,Sul,6632.72,7800
Loja 667,Mato Grosso,Centro-Oeste,8330.63,8000
Loja 668,Santa Catarina,Sul,6868.84,8000
Loja 669,Acre,Norte,6600.24,7200
Loja 670,Pernambuco,Nordeste,6851.31,7200
Loja 671,São Paulo,Sudeste,8477.6,8500
Loja 672,Rondônia,Norte,7543.66,8500
Loja 673,Bahia,Nordeste,6010.16,7500
Loja 674,Rondônia,Norte,9164.65,8500
Loja 675,Amapá,Norte,6691.91,8500
Loja 676,Amazonas,Norte,8288.95,7500
Loja 677,Amapá,Norte,6515.5,7000
Loja 678,Rio Grande do Norte,Nordeste,6880.24,7000
Loja 679,Mato Grosso do Sul,Centro-Oeste,8561.34,7000
Loja 680,Santa Catarina,Sul,6647.02,8000
Loja 681,Sergipe,Nordeste,7842.39,7000
Loja 682,Paraíba,Nordeste,7210.83,7800
Loja 683,Alagoas,Nordeste,9771.19,7000
Loja 684,Paraná,Sul,8375.52,8200
Loja 685,Amazonas,Norte,7098.37,8500
Loja 686,Minas Gerais,Sudeste,8910.08,8200
Loja 687,Rio Grande do Sul,Sul,9061.23,7200
Loja 688,Minas Gerais,Sudeste,7137.0,8500
Loja 689,Rio de Janeiro,Sudeste,6292.28,7500
Loja 690,Rio Grande do Norte,Nordeste,7834.21,7200
Loja 691,Roraima,Norte,9530.49,7500
Loja 692,Paraíba,Nordeste,6178.48,8000
Loja 693,Rio Grande do Norte,Nordeste,7279.34,8000
Loja 694,Paraíba,Nordeste,6366.8,7800
Loja 695,Rio de Janeiro,Sudeste,6081.5,8500
Loja 696,Roraima,Norte,6964.77,8000
Loja 697,Espírito Santo,Sudeste,9332.61,7000
Loja 698,Alagoas,Nordeste,7088.72,8500
Loja 699,Mato Grosso,Centro-Oeste,9884.8,7800
Loja 700,Alagoas,Nordeste,6504.14,8500
Loja 701,Pará,Norte,9578.06,7000
Loja 702,Ceará,Nordeste,6651.4,8200
Loja 703,Pará,Norte,7092.22,8200
Loja 704,Goiás,Centro-Oeste,6547.85,8200
Loja 705,Amapá,Norte,8253.04,8000
Loja 706,Piauí,Nordeste,6204.22,8000
Loja 707,Rio Grande do Norte,Nordeste,8484.2,8000
Loja 708,Mato Grosso,Centro-Oeste,6255.31,8000
Loja 709,Roraima,Norte,8143.59,8200
Loja 710,Rondônia,Norte,7470.51,7200
Loja 711,Sergipe,Nordeste,6561.21,7200
Loja 712,Maranhão,Nordeste,7086.42,8000
Loja 713,Mato Grosso,Centro-Oeste,6830.38,7000
Loja 714,Espírito Santo,Sudeste,7562.46,8200
Loja 715,Rio de Janeiro,Sudeste,6430.09,8200
Loja 716,Rondônia,Norte,6580.54,7000
Loja 717,Santa Catarina,Sul,8013.69,8500
Loja 718,Mato Grosso,Centro-Oeste,6467.93,8500
Loja 719,Amazonas,Norte,7649.5,7000
Loja 720,Santa Catarina,Sul,6833.82,8000
Loja 721,Amazonas,Norte,6405.95,7200
Loja 722,Tocantins,Norte,9830.87,7000
Loja 723,Maranhão,Nordeste,6826.42,7500
Loja 724,Espírito Santo,Sudeste,6364.18,7500
Loja 725,Goiás,Centro-Oeste,9247.75,7500
Loja 726,Pernambuco,Nordeste,8580.16,7800
Loja 727,Rio Grande do Norte,Nordeste,9439.92,7500
Loja 728,Amazonas,Norte,8560.5,8200
Loja 729,Mato Grosso do Sul,Centro-Oeste,9528.95,7800
Loja 730,Piauí,Nordeste,8238.15,8000
Loja 731,Paraíba,Nordeste,9457.13,7800
Loja 732,Roraima,Norte,9356.44,7500
Loja 733,Paraná,Sul,9947.11,8500
Loja 734,Rio Grande do Sul,Sul,9041.77,8500
Loja 735,Acre,Norte,8349.88,8200
Loja 736,São Paulo,Sudeste,7698.93,7500
Loja 737,Rio Grande do Sul,Sul,6934.5,8500
Loja 738,Sergipe,Nordeste,7871.01,8000
Loja 739,Rondônia,Norte,8265.61,7200
Loja 740,Tocantins,Norte,9330.45,7000
Loja 741,Paraná,Sul,6303.22,8000
Loja 742,Pernambuco,Nordeste,7941.11,7800
Loja 743,Amazonas,Norte,8737.55,8200
Loja 744,Acre,Norte,9797.26,8000
Loja 745,Acre,Norte,8952.44,7800
Loja 746,Ceará,Nordeste,8227.57,7800
Loja 747,São Paulo,Sudeste,6924.18,8000
Loja 748,Rio de Janeiro,Sudeste,7068.93,8500
Loja 749,Piauí,Nordeste,8818.89,8200
Loja 750,Rio Grande do Sul,Sul,7289.19,7000
Loja 751,Mato Grosso,Centro-Oeste,7474.47,7500
Loja 752,São Paulo,Sudeste,8178.23,8500
Loja 753,Maranhão,Nordeste,8771.4,8200
Loja 754,Maranhão,Nordeste,7302.78,8500
Loja 755,Pará,Norte,6017.18,7000
Loja 756,Roraima,Norte,8465.13,7800
Loja 757,Ceará,Nordeste,9152.97,7500
Loja 758,Pará,Norte,9190.9,8000
Loja 759,São Paulo,Sudeste,7818.15,8200
Loja 760,Amapá,Norte,8893.11,7500
Loja 761,Rio Grande do Sul,Sul,7804.2,8200
Loja 762,Amapá,Norte,6596.86,7000
Loja 763,Sergipe,Nordeste,9479.88,7800
Loja 764,Bahia,Nordeste,7419.54,7000
Loja 765,Acre,Norte,7890.44,7800
Loja 766,Rondônia,Norte,6800.37,7000
Loja 767,Maranhão,Nordeste,9014.69,7200
Loja 768,Paraná,Sul,6563.37,7000
Loja 769,Rondônia,Norte,7585.37,8200
Loja 770,Rio de Janeiro,Sudeste,7291.7,7000
Loja 771,São Paulo,Sudeste,8095.44,8000
Loja 772,Sergipe,Nordeste,6480.79,8500
Loja 773,Rio Grande do Sul,Sul,7838.58,7500
Loja 774,Paraná,Sul,6050.97,7200
Loja 775,Paraíba,Nordeste,7546.38,8000
Loja 776,São Paulo,Sudeste,9746.13,7800
Loja 777,Acre,Norte,6839.96,8200
Loja 778,Piauí,Nordeste,6339.93,7800
Loja 779,Paraíba,Nordeste,8875.63,8200
Loja 780,Rio Grande do Norte,Nordeste,7922.2,7800
Loja 781,Tocantins,Norte,8963.18,8200
Loja 782,Amapá,Norte,7969.5,7800
Loja 783,Alagoas,Nordeste,7518.42,7800
Loja 784,Mato Grosso,Centro-Oeste,9628.49,8200
Loja 785,Espírito Santo,Sudeste,6227.44,8200
Loja 786,Goiás,Centro-Oeste,9475.67,7200
Loja 787,Paraná,Sul,6715.45,7200
Loja 788,Maranhão,Nordeste,9368.43,7000
Loja 789,Goiás,Centro-Oeste,9255.81,7500
Loja 790,Santa Catarina,Sul,8347.83,7000
Loja 791,Bahia,Nordeste,8193.39,7200
Loja 792,Amazonas,Norte,9414.43,8000
Loja 793,Paraná,Sul,7731.67,7200
Loja 794,Minas Gerais,Sudeste,9267.92,8200
Loja 795,Santa Catarina,Sul,6855.59,8500
Loja 796,Paraná,Sul,6139.02,7800
Loja 797,Paraná,Sul,7258.71,7500
Loja 798,Rio Grande do Sul,Sul,7524.67,8000
Loja 799,Minas Gerais,Sudeste,7266.38,7800
Loja 800,Rondônia,Norte,7439.82,7000
Loja 801,Pará,Norte,7320.03,7500
Loja 802,Minas Gerais,Sudeste,9028.82,7500
Loja 803,Pernambuco,Nordeste,7255.33,7500
Loja 804,Rio Grande do Norte,Nordeste,6341.51,7500
Loja 805,São Paulo,Sudeste,6852.81,7800
Loja 806,Goiás,Centro-Oeste,6138.62,8000
Loja 807,Mato Grosso do Sul,Centro-Oeste,9193.18,7500
Loja 808,Pernambuco,Nordeste,8998.16,8200
Loja 809,Piauí,Nordeste,8050.25,7500
Loja 810,Bahia,Nordeste,6151.68,8500
Loja 811,Pernambuco,Nordeste,6935.79,7500
Loja 812,Santa Catarina,Sul,6495.59,7500
Loja 813,Santa Catarina,Sul,6441.83,8200
Loja 814,Sergipe,Nordeste,8591.62,7500
Loja 815,Amazonas,Norte,8965.27,8200
Loja 816,Mato Grosso do Sul,Centro-Oeste,6627.23,8000
Loja 817,Mato Grosso do Sul,Centro-Oeste,8795.85,7800
Loja 818,Paraíba,Nordeste,6984.63,8200
Loja 819,Alagoas,Nordeste,6542.55,7200
Loja 820,Pernambuco,Nordeste,8751.8,7800
Loja 821,Roraima,Norte,6289.68,7800
Loja 822,Mato Grosso do Sul,Centro-Oeste,9208.8,8200
Loja 823,Alagoas,Nordeste,7174.65,7800
Loja 824,Paraná,Sul,7588.14,8000
Loja 825,Pernambuco,Nordeste,6773.73,7500
Loja 826,São Paulo,Sudeste,6670.93,7500
Loja 827,Mato Grosso,Centro-Oeste,7829.79,8200
Loja 828,Amazonas,Norte,8172.26,8200
Loja 829,Mato Grosso do Sul,Centro-Oeste,6848.97,8500
Loja 830,Pernambuco,Nordeste,9528.89,7800
Loja 831,Mato Grosso do Sul,Centro-Oeste,8460.27,7000
Loja 832,Paraná,Sul,8192.41,7800
Loja 833,Alagoas,Nordeste,8807.72,7000
Loja 834,Minas Gerais,Sudeste,8916.92,8200
Loja 835,Santa Catarina,Sul,7404.15,8200
Loja 836,Acre,Norte,8657.05,7200
Loja 837,Santa Catarina,Sul,6353.02,7800
Loja 838,Mato Grosso,Centro-Oeste,8735.06,8000
Loja 839,Rio Grande do Norte,Nordeste,8280.47,7200
Loja 840,São Paulo,Sudeste,9878.55,7800
Loja 841,Pará,Norte,8273.27,8000
Loja 842,Rondônia,Norte,9670.06,7500
Loja 843,Paraná,Sul,8944.49,8200
Loja 844,Tocantins,Norte,6270.43,7200
Loja 845,Rio de Janeiro,Sudeste,9829.42,7200
Loja 846,Piauí,Nordeste,6032.47,7800
Loja 847,Rio de Janeiro,Sudeste,9290.15,7800
Loja 848,Amapá,Norte,6746.58,8000
Loja 849,Mato Grosso,Centro-Oeste,7838.12,7800
Loja 850,Pará,Norte,7161.07,8200
Loja 851,Maranhão,Nordeste,7764.99,8500
Loja 852,Paraíba,Nordeste,8428.4,7000
Loja 853,Acre,Norte,8899.99,8500
Loja 854,Rio de Janeiro,Sudeste,8128.37,8000
Loja 855,Paraíba,Nordeste,8160.78,7500
Loja 856,Amapá,Norte,7131.74,7500
Loja 857,Alagoas,Nordeste,7077.83,8500
Loja 858,Pernambuco,Nordeste,7819.11,7200
Loja 859,Acre,Norte,9928.3,7000
Loja 860,Goiás,Centro-Oeste,6147.87,7800
Loja 861,Ceará,Nordeste,7984.92,8000
Loja 862,Bahia,Nordeste,8904.62,8500
Loja 863,Santa Catarina,Sul,9983.23,7000
Loja 864,Rio de Janeiro,Sudeste,8381.61,8000
Loja 865,Mato Grosso,Centro-Oeste,9731.45,7000
Loja 866,Pará,Norte,8809.8,8000
Loja 867,Amapá,Norte,7861.79,7500
Loja 868,Rondônia,Norte,8460.88,8000
Loja 869,Mato Grosso,Centro-Oeste,6218.79,8500
Loja 870,Santa Catarina,Sul,6881.92,7200
Loja 871,Mato Grosso,Centro-Oeste,9677.49,7000
Loja 872,Mato Grosso do Sul,Centro-Oeste,6611.36,8000
Loja 873,Paraíba,Nordeste,7338.45,7500
Loja 874,Pernambuco,Nordeste,7088.97,7500
Loja 875,Paraná,Sul,9391.11,8000
Loja 876,Santa Catarina,Sul,9884.42,7000
Loja 877,Rio Grande do Norte,Nordeste,6590.18,7800
Loja 878,Paraíba,Nordeste,7923.34,8000
Loja 879,Bahia,Nordeste,9759.22,7500
Loja 880,Rondônia,Norte,9723.19,7200
Loja 881,Goiás,Centro-Oeste,9114.34,7500
Loja 882,Maranhão,Nordeste,6531.92,7500
Loja 883,Sergipe,Nordeste,9419.21,8000
Loja 884,Goiás,Centro-Oeste,7588.21,8200
Loja 885,Alagoas,Nordeste,7218.25,7000
Loja 886,Mato Grosso do Sul,Centro-Oeste,9042.35,8500
Loja 887,Paraná,Sul,9098.21,7800
Loja 888,Espírito Santo,Sudeste,7817.61,7000
Loja 889,Alagoas,Nordeste,9067.43,8500
Loja 890,Rio de Janeiro,Sudeste,6652.59,7800
Loja 891,Amazonas,Norte,8499.01,7000
Loja 892,Mato Grosso,Centro-Oeste,6173.13,7800
Loja 893,Amazonas,Norte,8893.81,8500
Loja 894,Minas Gerais,Sudeste,9001.44,8500
Loja 895,Tocantins,Norte,9212.18,8200
Loja 896,Sergipe,Nordeste,9724.05,7000
Loja 897,Paraíba,Nordeste,8217.76,7200
Loja 898,Paraíba,Nordeste,7236.41,7000
Loja 899,Pernambuco,Nordeste,8124.58,8500
Loja 900,Amazonas,Norte,7797.32,7000
Loja 901,Sergipe,Nordeste,6696.32,7800
Loja 902,Minas Gerais,Sudeste,8504.43,7000
Loja 903,Rio de Janeiro,Sudeste,7239.06,7000
Loja 904,Rio Grande do Norte,Nordeste,7988.85,8500
Loja 905,Roraima,Norte,7375.41,8500
Loja 906,Alagoas,Nordeste,6911.08,8000
Loja 907,Santa Catarina,Sul,9382.57,8000
Loja 908,Acre,Norte,6730.72,7200
Loja 909,Paraná,Sul,8849.55,7200
Loja 910,Alagoas,Nordeste,7872.97,7200
Loja 911,Piauí,Nordeste,9689.13,8200
Loja 912,Goiás,Centro-Oeste,7946.79,8200
Loja 913,Ceará,Nordeste,6137.3,7500
Loja 914,Minas Gerais,Sudeste,9477.23,8200
Loja 915,Acre,Norte,9319.79,8200
Loja 916,Rio Grande do Sul,Sul,7766.35,7500
Loja 917,Minas Gerais,Sudeste,7543.09,7800
Loja 918,Mato Grosso,Centro-Oeste,7427.84,7200
Loja 919,Roraima,Norte,6588.6,7500
Loja 920,Santa Catarina,Sul,8837.26,7000
Loja 921,Goiás,Centro-Oeste,9359.31,8200
Loja 922,Acre,Norte,9014.31,7200
Loja 923,Ceará,Nordeste,6798.44,7200
Loja 924,Sergipe,Nordeste,6217.64,7800
Loja 925,Rio de Janeiro,Sudeste,9885.71,7000
Loja 926,Rio Grande do Sul,Sul,6727.78,8000
Loja 927,Mato Grosso,Centro-Oeste,6330.46,7200
Loja 928,Pará,Norte,8582.87,8200
Loja 929,Goiás,Centro-Oeste,8490.37,7800
Loja 930,Ceará,Nordeste,6555.95,8000
Loja 931,Amazonas,Norte,8403.21,7200
Loja 932,Paraíba,Nordeste,6377.22,7000
Loja 933,Bahia,Nordeste,9179.51,7800
Loja 934,Minas Gerais,Sudeste,9300.7,8500
Loja 935,Santa Catarina,Sul,9786.1,7500
Loja 936,Mato Grosso do Sul,Centro-Oeste,8367.86,7500
Loja 937,Espírito Santo,Sudeste,8412.94,8000
Loja 938,Bahia,Nordeste,9235.98,8000
Loja 939,Bahia,Nordeste,7086.39,7000
Loja 940,Alagoas,Nordeste,9401.65,8000
Loja 941,Pernambuco,Nordeste,6440.85,7500
Loja 942,Amazonas,Norte,6385.11,8000
Loja 943,Minas Gerais,Sudeste,9563.24,8200
Loja 944,Sergipe,Nordeste,6382.16,8200
Loja 945,Paraíba,Nordeste,9278.39,7200
Loja 946,Rio de Janeiro,Sudeste,9102.68,7000
Loja 947,Santa Catarina,Sul,9689.18,8000
Loja 948,São Paulo,Sudeste,9859.73,8200
Loja 949,Paraná,Sul,6061.87,7800
Loja 950,Goiás,Centro-Oeste,9174.0,7000
Loja 951,Maranhão,Nordeste,6094.4,8500
Loja 952,Amazonas,Norte,7167.05,7200
Loja 953,Goiás,Centro-Oeste,7455.42,8000
Loja 954,Amazonas,Norte,8652.66,8000
Loja 955,Minas Gerais,Sudeste,6828.39,8500
Loja 956,Tocantins,Norte,8883.23,8000
Loja 957,Rondônia,Norte,9656.42,8000
Loja 958,Rio de Janeiro,Sudeste,7886.93,7000
Loja 959,Amazonas,Norte,7004.09,8500
Loja 960,Santa Catarina,Sul,8124.11,7200
Loja 961,Espírito Santo,Sudeste,7458.15,8000
Loja 962,Pernambuco,Nordeste,8738.17,7200
Loja 963,São Paulo,Sudeste,8955.42,7000
Loja 964,Espírito Santo,Sudeste,6228.18,7200
Loja 965,Goiás,Centro-Oeste,7948.13,7500
Loja 966,Mato Grosso,Centro-Oeste,6290.81,7000
Loja 967,Goiás,Centro-Oeste,7836.24,8200
Loja 968,Roraima,Norte,7883.83,7500
Loja 969,Sergipe,Nordeste,7444.63,8200
Loja 970,Amazonas,Norte,8147.88,8200
Loja 971,Rio de Janeiro,Sudeste,8458.25,7200
Loja 972,Pernambuco,Nordeste,7982.88,7200
Loja 973,Tocantins,Norte,9971.41,7800
Loja 974,Goiás,Centro-Oeste,7136.88,8200
Loja 975,Rio Grande do Norte,Nordeste,7827.11,7500
Loja 976,Santa Catarina,Sul,7628.66,8500
Loja 977,Goiás,Centro-Oeste,8381.3,7200
Loja 978,Rio Grande do Norte,Nordeste,6303.33,7800
Loja 979,Goiás,Centro-Oeste,8713.23,7500
Loja 980,Pernambuco,Nordeste,7441.67,8200
Loja 981,Acre,Norte,9757.86,8200
Loja 982,Rio Grande do Norte,Nordeste,6850.02,7000
Loja 983,Amapá,Norte,6245.68,7800
Loja 984,Paraná,Sul,6898.47,8500
Loja 985,Mato Grosso do Sul,Centro-Oeste,8751.33,7500
Loja 986,Amapá,Norte,6394.16,8500
Loja 987,Roraima,Norte,8875.42,7000
Loja 988,Minas Gerais,Sudeste,7267.29,8500
Loja 989,Acre,Norte,6225.67,7200
Loja 990,Sergipe,Nordeste,9647.18,8000
Loja 991,Rio Grande do Norte,Nordeste,9720.04,8000
Loja 992,Rio Grande do Norte,Nordeste,9260.17,7500
Loja 993,Santa Catarina,Sul,8715.76,8500
Loja 994,Mato Grosso do Sul,Centro-Oeste,9567.38,7500
Loja 995,Roraima,Norte,8592.3,7200
Loja 996,Roraima,Norte,8040.87,7800
Loja 997,Espírito Santo,Sudeste,7337.32,7000
Loja 998,Piauí,Nordeste,7039.38,7000
Loja 999,Rio Grande do Norte,Nordeste,6544.78,7000
Loja 1000,Paraíba,Nordeste,6104.51,8000
